y_true,y_pred,domain
septoria_leaf_spot,septoria_leaf_spot,lab
leaf_mold,leaf_mold,lab
late_blight,late_blight,lab
early_blight,early_blight,lab
early_blight,early_blight,lab
healthy,healthy,lab
healthy,early_blight,lab
healthy,healthy,lab
healthy,healthy,lab
septoria_leaf_spot,septoria_leaf_spot,lab
leaf_mold,leaf_mold,lab
septoria_leaf_spot,septoria_leaf_spot,lab
late_blight,late_blight,lab
leaf_mold,leaf_mold,lab
septoria_leaf_spot,septoria_leaf_spot,lab
leaf_mold,leaf_mold,lab
leaf_mold,leaf_mold,lab
late_blight,late_blight,lab
late_blight,late_blight,lab
septoria_leaf_spot,septoria_leaf_spot,lab
early_blight,early_blight,lab
septoria_leaf_spot,septoria_leaf_spot,lab
leaf_mold,leaf_mold,lab
healthy,healthy,lab
early_blight,early_blight,lab
septoria_leaf_spot,septoria_leaf_spot,lab
late_blight,late_blight,lab
healthy,healthy,lab
leaf_mold,leaf_mold,lab
leaf_mold,leaf_mold,lab
septoria_leaf_spot,septoria_leaf_spot,lab
healthy,healthy,lab
healthy,healthy,lab
septoria_leaf_spot,septoria_leaf_spot,lab
healthy,healthy,lab
late_blight,late_blight,lab
healthy,healthy,lab
early_blight,early_blight,lab
late_blight,late_blight,lab
late_blight,healthy,lab
late_blight,late_blight,lab
healthy,leaf_mold,lab
healthy,healthy,lab
healthy,healthy,lab
healthy,healthy,lab
leaf_mold,leaf_mold,lab
late_blight,late_blight,lab
leaf_mold,leaf_mold,lab
early_blight,early_blight,lab
leaf_mold,leaf_mold,lab
leaf_mold,leaf_mold,lab
early_blight,early_blight,lab
late_blight,leaf_mold,lab
septoria_leaf_spot,septoria_leaf_spot,lab
septoria_leaf_spot,septoria_leaf_spot,lab
septoria_leaf_spot,septoria_leaf_spot,lab
early_blight,early_blight,lab
leaf_mold,leaf_mold,lab
septoria_leaf_spot,septoria_leaf_spot,lab
leaf_mold,leaf_mold,lab
septoria_leaf_spot,septoria_leaf_spot,lab
leaf_mold,leaf_mold,lab
leaf_mold,leaf_mold,lab
early_blight,early_blight,lab
septoria_leaf_spot,septoria_leaf_spot,lab
healthy,healthy,lab
late_blight,late_blight,lab
leaf_mold,leaf_mold,lab
septoria_leaf_spot,septoria_leaf_spot,lab
late_blight,late_blight,lab
early_blight,early_blight,lab
early_blight,early_blight,lab
late_blight,late_blight,lab
late_blight,late_blight,lab
leaf_mold,leaf_mold,lab
septoria_leaf_spot,early_blight,lab
healthy,healthy,lab
septoria_leaf_spot,septoria_leaf_spot,lab
late_blight,septoria_leaf_spot,lab
early_blight,healthy,lab
leaf_mold,leaf_mold,lab
late_blight,late_blight,lab
early_blight,early_blight,lab
early_blight,early_blight,lab
leaf_mold,leaf_mold,lab
late_blight,late_blight,lab
late_blight,late_blight,lab
early_blight,early_blight,lab
leaf_mold,leaf_mold,lab
early_blight,early_blight,lab
early_blight,early_blight,lab
septoria_leaf_spot,septoria_leaf_spot,lab
early_blight,early_blight,lab
early_blight,early_blight,lab
leaf_mold,leaf_mold,lab
leaf_mold,leaf_mold,lab
healthy,healthy,lab
healthy,late_blight,lab
early_blight,early_blight,lab
septoria_leaf_spot,septoria_leaf_spot,lab
late_blight,late_blight,lab
leaf_mold,leaf_mold,lab
early_blight,early_blight,lab
early_blight,early_blight,lab
leaf_mold,leaf_mold,lab
septoria_leaf_spot,septoria_leaf_spot,lab
healthy,healthy,lab
healthy,healthy,lab
leaf_mold,healthy,lab
early_blight,early_blight,lab
late_blight,late_blight,lab
healthy,healthy,lab
septoria_leaf_spot,septoria_leaf_spot,lab
late_blight,late_blight,lab
septoria_leaf_spot,septoria_leaf_spot,lab
leaf_mold,leaf_mold,lab
leaf_mold,leaf_mold,lab
early_blight,early_blight,lab
leaf_mold,leaf_mold,lab
healthy,healthy,lab
late_blight,late_blight,lab
late_blight,late_blight,lab
septoria_leaf_spot,septoria_leaf_spot,lab
healthy,healthy,lab
septoria_leaf_spot,septoria_leaf_spot,lab
healthy,healthy,lab
leaf_mold,leaf_mold,lab
late_blight,late_blight,lab
septoria_leaf_spot,septoria_leaf_spot,lab
early_blight,early_blight,lab
septoria_leaf_spot,early_blight,lab
leaf_mold,leaf_mold,lab
septoria_leaf_spot,septoria_leaf_spot,lab
healthy,healthy,lab
leaf_mold,leaf_mold,lab
septoria_leaf_spot,septoria_leaf_spot,lab
healthy,healthy,lab
early_blight,early_blight,lab
leaf_mold,leaf_mold,lab
healthy,healthy,lab
late_blight,late_blight,lab
leaf_mold,leaf_mold,lab
leaf_mold,leaf_mold,lab
septoria_leaf_spot,septoria_leaf_spot,lab
late_blight,late_blight,lab
late_blight,late_blight,lab
late_blight,late_blight,lab
septoria_leaf_spot,septoria_leaf_spot,lab
healthy,healthy,lab
late_blight,leaf_mold,lab
healthy,late_blight,lab
late_blight,late_blight,lab
septoria_leaf_spot,septoria_leaf_spot,lab
leaf_mold,leaf_mold,lab
early_blight,early_blight,lab
septoria_leaf_spot,septoria_leaf_spot,lab
leaf_mold,leaf_mold,lab
septoria_leaf_spot,septoria_leaf_spot,lab
healthy,healthy,lab
late_blight,late_blight,lab
septoria_leaf_spot,septoria_leaf_spot,lab
leaf_mold,leaf_mold,lab
late_blight,late_blight,lab
late_blight,late_blight,lab
late_blight,late_blight,lab
late_blight,late_blight,lab
early_blight,early_blight,lab
leaf_mold,leaf_mold,lab
healthy,leaf_mold,lab
late_blight,late_blight,lab
early_blight,early_blight,lab
leaf_mold,leaf_mold,lab
leaf_mold,leaf_mold,lab
leaf_mold,leaf_mold,lab
septoria_leaf_spot,septoria_leaf_spot,lab
septoria_leaf_spot,septoria_leaf_spot,lab
healthy,healthy,lab
healthy,healthy,lab
healthy,healthy,lab
leaf_mold,leaf_mold,lab
septoria_leaf_spot,septoria_leaf_spot,lab
septoria_leaf_spot,septoria_leaf_spot,lab
leaf_mold,late_blight,lab
septoria_leaf_spot,septoria_leaf_spot,lab
septoria_leaf_spot,septoria_leaf_spot,lab
healthy,healthy,lab
healthy,healthy,lab
septoria_leaf_spot,septoria_leaf_spot,lab
healthy,healthy,lab
septoria_leaf_spot,septoria_leaf_spot,lab
septoria_leaf_spot,septoria_leaf_spot,lab
septoria_leaf_spot,septoria_leaf_spot,lab
early_blight,early_blight,lab
healthy,healthy,lab
late_blight,late_blight,lab
septoria_leaf_spot,septoria_leaf_spot,lab
early_blight,early_blight,lab
septoria_leaf_spot,septoria_leaf_spot,lab
early_blight,early_blight,lab
septoria_leaf_spot,septoria_leaf_spot,lab
early_blight,early_blight,lab
late_blight,early_blight,lab
early_blight,early_blight,lab
early_blight,early_blight,lab
septoria_leaf_spot,septoria_leaf_spot,lab
septoria_leaf_spot,late_blight,lab
healthy,healthy,lab
septoria_leaf_spot,septoria_leaf_spot,lab
septoria_leaf_spot,septoria_leaf_spot,lab
early_blight,early_blight,lab
late_blight,leaf_mold,lab
late_blight,late_blight,lab
leaf_mold,early_blight,lab
late_blight,late_blight,lab
healthy,late_blight,lab
septoria_leaf_spot,septoria_leaf_spot,lab
leaf_mold,leaf_mold,lab
healthy,healthy,lab
septoria_leaf_spot,septoria_leaf_spot,lab
leaf_mold,leaf_mold,lab
healthy,healthy,lab
leaf_mold,leaf_mold,lab
late_blight,late_blight,lab
healthy,healthy,lab
septoria_leaf_spot,septoria_leaf_spot,lab
leaf_mold,leaf_mold,lab
early_blight,early_blight,lab
healthy,healthy,lab
healthy,healthy,lab
leaf_mold,leaf_mold,lab
healthy,healthy,lab
late_blight,late_blight,lab
septoria_leaf_spot,septoria_leaf_spot,lab
septoria_leaf_spot,septoria_leaf_spot,lab
early_blight,early_blight,lab
healthy,healthy,lab
late_blight,late_blight,lab
septoria_leaf_spot,septoria_leaf_spot,lab
leaf_mold,leaf_mold,lab
healthy,healthy,lab
leaf_mold,leaf_mold,lab
early_blight,early_blight,lab
early_blight,healthy,lab
late_blight,late_blight,lab
septoria_leaf_spot,septoria_leaf_spot,lab
septoria_leaf_spot,septoria_leaf_spot,lab
healthy,healthy,lab
late_blight,late_blight,lab
leaf_mold,leaf_mold,lab
early_blight,early_blight,lab
early_blight,early_blight,lab
early_blight,early_blight,lab
early_blight,early_blight,lab
septoria_leaf_spot,septoria_leaf_spot,lab
early_blight,early_blight,lab
early_blight,early_blight,lab
healthy,septoria_leaf_spot,lab
healthy,healthy,lab
leaf_mold,leaf_mold,lab
early_blight,early_blight,lab
septoria_leaf_spot,septoria_leaf_spot,lab
late_blight,late_blight,lab
septoria_leaf_spot,septoria_leaf_spot,lab
late_blight,late_blight,lab
leaf_mold,leaf_mold,lab
septoria_leaf_spot,septoria_leaf_spot,lab
healthy,healthy,lab
late_blight,late_blight,lab
late_blight,late_blight,lab
early_blight,early_blight,lab
late_blight,late_blight,lab
late_blight,late_blight,lab
late_blight,late_blight,lab
septoria_leaf_spot,septoria_leaf_spot,lab
septoria_leaf_spot,septoria_leaf_spot,lab
leaf_mold,leaf_mold,lab
leaf_mold,leaf_mold,lab
septoria_leaf_spot,septoria_leaf_spot,lab
leaf_mold,leaf_mold,lab
early_blight,early_blight,lab
healthy,healthy,lab
late_blight,late_blight,lab
early_blight,early_blight,lab
late_blight,late_blight,lab
healthy,healthy,lab
septoria_leaf_spot,septoria_leaf_spot,lab
septoria_leaf_spot,septoria_leaf_spot,lab
healthy,healthy,lab
septoria_leaf_spot,septoria_leaf_spot,lab
late_blight,late_blight,lab
healthy,healthy,lab
septoria_leaf_spot,septoria_leaf_spot,lab
septoria_leaf_spot,septoria_leaf_spot,lab
healthy,healthy,lab
late_blight,late_blight,lab
septoria_leaf_spot,septoria_leaf_spot,lab
leaf_mold,leaf_mold,lab
late_blight,early_blight,lab
septoria_leaf_spot,septoria_leaf_spot,lab
septoria_leaf_spot,septoria_leaf_spot,lab
healthy,healthy,lab
healthy,healthy,lab
healthy,late_blight,lab
early_blight,early_blight,lab
healthy,healthy,lab
healthy,healthy,lab
early_blight,early_blight,lab
leaf_mold,late_blight,lab
late_blight,late_blight,lab
early_blight,late_blight,lab
septoria_leaf_spot,septoria_leaf_spot,lab
leaf_mold,leaf_mold,lab
leaf_mold,leaf_mold,lab
septoria_leaf_spot,septoria_leaf_spot,lab
leaf_mold,leaf_mold,lab
healthy,late_blight,lab
healthy,healthy,lab
septoria_leaf_spot,septoria_leaf_spot,lab
late_blight,late_blight,lab
healthy,healthy,lab
late_blight,late_blight,lab
early_blight,early_blight,lab
late_blight,late_blight,lab
late_blight,late_blight,lab
early_blight,early_blight,lab
late_blight,late_blight,lab
late_blight,late_blight,lab
septoria_leaf_spot,septoria_leaf_spot,lab
leaf_mold,leaf_mold,lab
leaf_mold,leaf_mold,lab
healthy,late_blight,lab
early_blight,early_blight,lab
septoria_leaf_spot,septoria_leaf_spot,lab
early_blight,early_blight,lab
late_blight,late_blight,lab
septoria_leaf_spot,septoria_leaf_spot,lab
leaf_mold,leaf_mold,lab
septoria_leaf_spot,septoria_leaf_spot,lab
healthy,healthy,lab
late_blight,late_blight,lab
leaf_mold,leaf_mold,lab
early_blight,early_blight,lab
late_blight,late_blight,lab
septoria_leaf_spot,septoria_leaf_spot,lab
leaf_mold,leaf_mold,lab
early_blight,early_blight,lab
healthy,healthy,lab
healthy,healthy,lab
early_blight,early_blight,lab
septoria_leaf_spot,septoria_leaf_spot,lab
early_blight,early_blight,lab
septoria_leaf_spot,septoria_leaf_spot,lab
early_blight,early_blight,lab
leaf_mold,leaf_mold,lab
late_blight,late_blight,lab
septoria_leaf_spot,septoria_leaf_spot,lab
late_blight,late_blight,lab
septoria_leaf_spot,septoria_leaf_spot,lab
septoria_leaf_spot,septoria_leaf_spot,lab
leaf_mold,leaf_mold,lab
leaf_mold,leaf_mold,lab
septoria_leaf_spot,septoria_leaf_spot,lab
septoria_leaf_spot,septoria_leaf_spot,lab
early_blight,early_blight,lab
late_blight,late_blight,lab
healthy,healthy,lab
healthy,healthy,lab
leaf_mold,leaf_mold,lab
healthy,healthy,lab
leaf_mold,leaf_mold,lab
septoria_leaf_spot,septoria_leaf_spot,lab
healthy,healthy,lab
leaf_mold,leaf_mold,lab
early_blight,early_blight,lab
septoria_leaf_spot,septoria_leaf_spot,lab
septoria_leaf_spot,septoria_leaf_spot,lab
late_blight,healthy,lab
late_blight,late_blight,lab
leaf_mold,leaf_mold,lab
late_blight,late_blight,lab
leaf_mold,leaf_mold,lab
healthy,healthy,lab
leaf_mold,leaf_mold,lab
late_blight,late_blight,lab
leaf_mold,leaf_mold,lab
late_blight,late_blight,lab
early_blight,early_blight,lab
healthy,healthy,lab
late_blight,late_blight,lab
septoria_leaf_spot,septoria_leaf_spot,lab
healthy,early_blight,lab
late_blight,late_blight,lab
late_blight,late_blight,lab
healthy,healthy,lab
late_blight,late_blight,lab
leaf_mold,leaf_mold,lab
leaf_mold,leaf_mold,lab
septoria_leaf_spot,septoria_leaf_spot,lab
late_blight,late_blight,lab
late_blight,late_blight,lab
septoria_leaf_spot,septoria_leaf_spot,field
septoria_leaf_spot,leaf_mold,field
late_blight,late_blight,field
leaf_mold,leaf_mold,field
early_blight,early_blight,field
healthy,late_blight,field
septoria_leaf_spot,septoria_leaf_spot,field
leaf_mold,leaf_mold,field
late_blight,late_blight,field
leaf_mold,leaf_mold,field
healthy,healthy,field
healthy,healthy,field
late_blight,late_blight,field
early_blight,early_blight,field
early_blight,early_blight,field
early_blight,healthy,field
early_blight,early_blight,field
late_blight,late_blight,field
late_blight,septoria_leaf_spot,field
leaf_mold,leaf_mold,field
healthy,early_blight,field
healthy,healthy,field
early_blight,early_blight,field
late_blight,early_blight,field
septoria_leaf_spot,septoria_leaf_spot,field
septoria_leaf_spot,septoria_leaf_spot,field
healthy,healthy,field
healthy,healthy,field
septoria_leaf_spot,septoria_leaf_spot,field
early_blight,early_blight,field
septoria_leaf_spot,septoria_leaf_spot,field
early_blight,early_blight,field
septoria_leaf_spot,late_blight,field
late_blight,late_blight,field
healthy,healthy,field
septoria_leaf_spot,septoria_leaf_spot,field
healthy,healthy,field
late_blight,late_blight,field
early_blight,leaf_mold,field
septoria_leaf_spot,septoria_leaf_spot,field
early_blight,early_blight,field
late_blight,late_blight,field
healthy,healthy,field
late_blight,late_blight,field
healthy,healthy,field
early_blight,early_blight,field
healthy,healthy,field
septoria_leaf_spot,septoria_leaf_spot,field
septoria_leaf_spot,septoria_leaf_spot,field
leaf_mold,leaf_mold,field
late_blight,late_blight,field
early_blight,early_blight,field
late_blight,late_blight,field
healthy,leaf_mold,field
late_blight,late_blight,field
healthy,late_blight,field
healthy,healthy,field
septoria_leaf_spot,leaf_mold,field
late_blight,late_blight,field
late_blight,septoria_leaf_spot,field
late_blight,late_blight,field
septoria_leaf_spot,septoria_leaf_spot,field
late_blight,healthy,field
septoria_leaf_spot,septoria_leaf_spot,field
early_blight,leaf_mold,field
early_blight,septoria_leaf_spot,field
early_blight,healthy,field
healthy,healthy,field
healthy,leaf_mold,field
healthy,healthy,field
early_blight,early_blight,field
leaf_mold,early_blight,field
early_blight,septoria_leaf_spot,field
healthy,healthy,field
late_blight,early_blight,field
late_blight,late_blight,field
healthy,septoria_leaf_spot,field
healthy,healthy,field
septoria_leaf_spot,septoria_leaf_spot,field
leaf_mold,septoria_leaf_spot,field
leaf_mold,leaf_mold,field
late_blight,late_blight,field
early_blight,early_blight,field
late_blight,leaf_mold,field
leaf_mold,leaf_mold,field
early_blight,early_blight,field
late_blight,late_blight,field
late_blight,early_blight,field
leaf_mold,leaf_mold,field
healthy,leaf_mold,field
leaf_mold,leaf_mold,field
septoria_leaf_spot,healthy,field
healthy,healthy,field
septoria_leaf_spot,healthy,field
leaf_mold,leaf_mold,field
leaf_mold,leaf_mold,field
early_blight,early_blight,field
late_blight,septoria_leaf_spot,field
leaf_mold,leaf_mold,field
septoria_leaf_spot,septoria_leaf_spot,field
late_blight,late_blight,field
healthy,healthy,field
late_blight,late_blight,field
leaf_mold,leaf_mold,field
early_blight,leaf_mold,field
leaf_mold,leaf_mold,field
leaf_mold,leaf_mold,field
early_blight,early_blight,field
early_blight,early_blight,field
septoria_leaf_spot,septoria_leaf_spot,field
leaf_mold,early_blight,field
healthy,healthy,field
early_blight,healthy,field
leaf_mold,early_blight,field
leaf_mold,leaf_mold,field
early_blight,early_blight,field
septoria_leaf_spot,septoria_leaf_spot,field
leaf_mold,leaf_mold,field
early_blight,early_blight,field
early_blight,late_blight,field
early_blight,early_blight,field
early_blight,early_blight,field
early_blight,early_blight,field
leaf_mold,early_blight,field
leaf_mold,leaf_mold,field
late_blight,late_blight,field
late_blight,leaf_mold,field
healthy,healthy,field
late_blight,late_blight,field
septoria_leaf_spot,healthy,field
leaf_mold,leaf_mold,field
septoria_leaf_spot,septoria_leaf_spot,field
late_blight,healthy,field
late_blight,late_blight,field
healthy,late_blight,field
leaf_mold,leaf_mold,field
septoria_leaf_spot,septoria_leaf_spot,field
late_blight,late_blight,field
late_blight,healthy,field
septoria_leaf_spot,early_blight,field
early_blight,early_blight,field
septoria_leaf_spot,septoria_leaf_spot,field
early_blight,healthy,field
leaf_mold,leaf_mold,field
leaf_mold,late_blight,field
early_blight,late_blight,field
leaf_mold,leaf_mold,field
healthy,healthy,field
leaf_mold,leaf_mold,field
leaf_mold,early_blight,field
healthy,healthy,field
late_blight,late_blight,field
septoria_leaf_spot,septoria_leaf_spot,field
septoria_leaf_spot,septoria_leaf_spot,field
early_blight,early_blight,field
septoria_leaf_spot,septoria_leaf_spot,field
septoria_leaf_spot,septoria_leaf_spot,field
late_blight,late_blight,field
healthy,healthy,field
early_blight,early_blight,field
leaf_mold,leaf_mold,field
leaf_mold,healthy,field
septoria_leaf_spot,septoria_leaf_spot,field
leaf_mold,leaf_mold,field
leaf_mold,late_blight,field
leaf_mold,leaf_mold,field
leaf_mold,leaf_mold,field
septoria_leaf_spot,healthy,field
septoria_leaf_spot,septoria_leaf_spot,field
late_blight,septoria_leaf_spot,field
early_blight,early_blight,field
late_blight,early_blight,field
septoria_leaf_spot,early_blight,field
late_blight,healthy,field
septoria_leaf_spot,leaf_mold,field
septoria_leaf_spot,septoria_leaf_spot,field
septoria_leaf_spot,leaf_mold,field
early_blight,early_blight,field
septoria_leaf_spot,septoria_leaf_spot,field
septoria_leaf_spot,septoria_leaf_spot,field
late_blight,healthy,field
late_blight,late_blight,field
leaf_mold,leaf_mold,field
healthy,healthy,field
healthy,early_blight,field
late_blight,late_blight,field
leaf_mold,early_blight,field
early_blight,early_blight,field
septoria_leaf_spot,septoria_leaf_spot,field
late_blight,septoria_leaf_spot,field
healthy,healthy,field
septoria_leaf_spot,septoria_leaf_spot,field
late_blight,late_blight,field
healthy,healthy,field
late_blight,early_blight,field
late_blight,late_blight,field
healthy,leaf_mold,field
late_blight,late_blight,field
leaf_mold,leaf_mold,field
leaf_mold,leaf_mold,field
early_blight,early_blight,field
septoria_leaf_spot,septoria_leaf_spot,field
septoria_leaf_spot,septoria_leaf_spot,field
late_blight,late_blight,field
late_blight,late_blight,field
septoria_leaf_spot,septoria_leaf_spot,field
late_blight,septoria_leaf_spot,field
early_blight,early_blight,field
late_blight,late_blight,field
leaf_mold,leaf_mold,field
late_blight,late_blight,field
leaf_mold,early_blight,field
early_blight,early_blight,field
late_blight,late_blight,field
early_blight,early_blight,field
healthy,healthy,field
late_blight,late_blight,field
early_blight,early_blight,field
septoria_leaf_spot,healthy,field
early_blight,early_blight,field
septoria_leaf_spot,septoria_leaf_spot,field
septoria_leaf_spot,septoria_leaf_spot,field
healthy,healthy,field
leaf_mold,leaf_mold,field
leaf_mold,leaf_mold,field
septoria_leaf_spot,septoria_leaf_spot,field
septoria_leaf_spot,septoria_leaf_spot,field
early_blight,healthy,field
late_blight,late_blight,field
late_blight,late_blight,field
late_blight,late_blight,field
late_blight,late_blight,field
leaf_mold,leaf_mold,field
early_blight,early_blight,field
early_blight,late_blight,field
late_blight,healthy,field
septoria_leaf_spot,septoria_leaf_spot,field
late_blight,late_blight,field
leaf_mold,leaf_mold,field
healthy,healthy,field
healthy,healthy,field
early_blight,early_blight,field
healthy,healthy,field
healthy,healthy,field
late_blight,late_blight,field
late_blight,late_blight,field
late_blight,late_blight,field
leaf_mold,septoria_leaf_spot,field
septoria_leaf_spot,septoria_leaf_spot,field
healthy,healthy,field
leaf_mold,leaf_mold,field
early_blight,early_blight,field
leaf_mold,early_blight,field
septoria_leaf_spot,septoria_leaf_spot,field
septoria_leaf_spot,septoria_leaf_spot,field
septoria_leaf_spot,septoria_leaf_spot,field
leaf_mold,septoria_leaf_spot,field
early_blight,early_blight,field
early_blight,healthy,field
septoria_leaf_spot,healthy,field
healthy,leaf_mold,field
early_blight,early_blight,field
early_blight,early_blight,field
leaf_mold,septoria_leaf_spot,field
septoria_leaf_spot,septoria_leaf_spot,field
late_blight,septoria_leaf_spot,field
septoria_leaf_spot,septoria_leaf_spot,field
late_blight,late_blight,field
septoria_leaf_spot,septoria_leaf_spot,field
leaf_mold,leaf_mold,field
leaf_mold,leaf_mold,field
healthy,healthy,field
septoria_leaf_spot,leaf_mold,field
healthy,healthy,field
early_blight,early_blight,field
early_blight,early_blight,field
septoria_leaf_spot,septoria_leaf_spot,field
leaf_mold,leaf_mold,field
healthy,late_blight,field
leaf_mold,leaf_mold,field
early_blight,early_blight,field
leaf_mold,leaf_mold,field
late_blight,late_blight,field
leaf_mold,healthy,field
septoria_leaf_spot,septoria_leaf_spot,field
healthy,healthy,field
leaf_mold,leaf_mold,field
healthy,early_blight,field
septoria_leaf_spot,septoria_leaf_spot,field
septoria_leaf_spot,septoria_leaf_spot,field
septoria_leaf_spot,septoria_leaf_spot,field
early_blight,early_blight,field
leaf_mold,leaf_mold,field
late_blight,healthy,field
healthy,healthy,field
late_blight,late_blight,field
late_blight,late_blight,field
leaf_mold,septoria_leaf_spot,field
early_blight,healthy,field
healthy,late_blight,field
healthy,late_blight,field
leaf_mold,leaf_mold,field
leaf_mold,leaf_mold,field
healthy,leaf_mold,field
septoria_leaf_spot,septoria_leaf_spot,field
leaf_mold,leaf_mold,field
healthy,healthy,field
late_blight,late_blight,field
septoria_leaf_spot,septoria_leaf_spot,field
late_blight,late_blight,field
healthy,healthy,field
leaf_mold,septoria_leaf_spot,field
septoria_leaf_spot,septoria_leaf_spot,field
early_blight,early_blight,field
septoria_leaf_spot,septoria_leaf_spot,field
healthy,healthy,field
healthy,healthy,field
septoria_leaf_spot,septoria_leaf_spot,field
early_blight,early_blight,field
late_blight,late_blight,field
early_blight,early_blight,field
leaf_mold,leaf_mold,field
early_blight,early_blight,field
late_blight,late_blight,field
septoria_leaf_spot,septoria_leaf_spot,field
septoria_leaf_spot,septoria_leaf_spot,field
septoria_leaf_spot,septoria_leaf_spot,field
late_blight,late_blight,field
healthy,healthy,field
healthy,early_blight,field
early_blight,early_blight,field
leaf_mold,leaf_mold,field
septoria_leaf_spot,septoria_leaf_spot,field
healthy,healthy,field
healthy,healthy,field
septoria_leaf_spot,leaf_mold,field
late_blight,early_blight,field
leaf_mold,leaf_mold,field
early_blight,early_blight,field
septoria_leaf_spot,septoria_leaf_spot,field
leaf_mold,leaf_mold,field
leaf_mold,leaf_mold,field
septoria_leaf_spot,septoria_leaf_spot,field
early_blight,early_blight,field
leaf_mold,leaf_mold,field
late_blight,late_blight,field
late_blight,septoria_leaf_spot,field
leaf_mold,leaf_mold,field
early_blight,early_blight,field
leaf_mold,leaf_mold,field
septoria_leaf_spot,septoria_leaf_spot,field
early_blight,early_blight,field
early_blight,early_blight,field
leaf_mold,leaf_mold,field
early_blight,early_blight,field
septoria_leaf_spot,septoria_leaf_spot,field
healthy,healthy,field
leaf_mold,healthy,field
late_blight,late_blight,field
early_blight,early_blight,field
late_blight,late_blight,field
septoria_leaf_spot,healthy,field
healthy,healthy,field
septoria_leaf_spot,septoria_leaf_spot,field
late_blight,healthy,field
septoria_leaf_spot,late_blight,field
leaf_mold,early_blight,field
healthy,healthy,field
early_blight,early_blight,field
early_blight,healthy,field
healthy,late_blight,field
leaf_mold,healthy,field
late_blight,late_blight,field
early_blight,healthy,field
leaf_mold,leaf_mold,field
healthy,healthy,field
healthy,septoria_leaf_spot,field
leaf_mold,leaf_mold,field
leaf_mold,early_blight,field
leaf_mold,leaf_mold,field
late_blight,late_blight,field
leaf_mold,leaf_mold,field
healthy,leaf_mold,field
early_blight,healthy,field
healthy,leaf_mold,field
late_blight,septoria_leaf_spot,field
leaf_mold,leaf_mold,field
healthy,healthy,field
healthy,healthy,field
late_blight,late_blight,field
late_blight,septoria_leaf_spot,field
septoria_leaf_spot,septoria_leaf_spot,field
leaf_mold,healthy,field
healthy,healthy,field
healthy,late_blight,field
early_blight,healthy,field
healthy,healthy,field
healthy,healthy,field
early_blight,leaf_mold,field
early_blight,late_blight,field
